{
    "metadata": {
        "type": "Geometry",
        "generator": "io_three",
        "normals": 16,
        "vertices": 16,
        "faces": 14,
        "uvs": 0,
        "version": 3,
        "colors": 0
    },
    "faces": [33,9,3,2,10,0,1,2,3,33,3,7,6,2,1,4,5,2,33,13,5,4,14,6,7,8,9,33,0,4,5,1,10,8,7,11,33,10,2,6,15,3,2,5,12,33,12,7,3,9,13,4,1,0,33,5,13,8,1,7,6,14,11,33,13,12,9,8,6,13,0,14,33,0,11,14,4,10,15,9,8,33,11,10,15,14,15,3,12,9,33,7,12,15,6,4,13,12,5,33,12,13,14,15,13,6,9,12,33,11,0,1,8,15,10,11,14,33,8,9,10,11,14,0,3,15],
    "normals": [-0.673971,0.705222,-0.219977,-0.514756,0.420545,-0.747063,-0.514756,-0.420545,-0.747063,-0.673971,-0.705222,-0.219977,0.514756,0.420545,-0.747063,0.514756,-0.420545,-0.747063,0.673971,0.705222,0.219977,0.514756,0.420545,0.747063,0.514756,-0.420545,0.747063,0.673971,-0.705222,0.219977,-0.514756,-0.420545,0.747063,-0.514756,0.420545,0.747063,0.673971,-0.705222,-0.219977,0.673971,0.705222,-0.219977,-0.673971,0.705222,0.219977,-0.673971,-0.705222,0.219977],
    "uvs": [],
    "name": "jointGeometry.3",
    "vertices": [-0.507275,-0.417256,0.635276,-0.507275,0.417256,0.635276,-0.507275,-0.417256,-0.635276,-0.507275,0.417256,-0.635276,0.507275,-0.417256,0.635276,0.507275,0.417256,0.635276,0.507275,-0.417256,-0.635276,0.507275,0.417256,-0.635276,-0.601626,0.607446,0.251145,-0.601626,0.607446,-0.251145,-0.601626,-0.607446,-0.251145,-0.601626,-0.607446,0.251145,0.601626,0.607446,-0.251145,0.601626,0.607446,0.251145,0.601626,-0.607446,0.251145,0.601626,-0.607446,-0.251145],
    "colors": []
}