{
    "metadata": {
        "type": "Geometry",
        "generator": "io_three",
        "normals": 26,
        "vertices": 26,
        "faces": 14,
        "uvs": 0,
        "version": 3,
        "colors": 0
    },
    "faces": [33,6,7,3,2,0,1,2,3,33,6,2,5,8,0,3,4,5,33,0,6,8,4,6,0,5,7,33,0,1,7,6,6,8,1,0,33,15,16,12,11,9,10,11,12,33,15,11,14,17,9,12,13,14,33,9,15,17,13,15,9,14,16,33,9,10,16,15,15,17,10,9,33,25,23,19,21,18,19,20,21,33,22,18,19,23,22,23,20,19,33,24,22,23,25,24,22,19,18,33,20,18,22,24,25,23,22,24,33,20,24,25,21,25,24,18,21,33,18,20,21,19,23,25,21,20],
    "normals": [-0.232459,0.972594,0,-0.288156,0.957579,0,-0.284951,0.946898,0.148778,-0.220374,0.960479,0.169927,-0.160772,0.96881,0.188421,-0.163701,0.98648,0,-0.220374,0.960479,-0.169927,-0.160772,0.96881,-0.188421,-0.284951,0.946898,-0.148778,0.224525,0.972594,0.060152,0.278329,0.957579,0.074557,0.31373,0.946898,-0.069948,0.256844,0.960479,-0.107089,0.204047,0.96881,-0.140385,0.158116,0.98648,0.04236,0.168889,0.960479,0.221168,0.10651,0.96881,0.223609,0.236732,0.946898,0.217444,-0.577349,-0.577349,0.577349,-0.577349,-0.577349,-0.577349,0.577349,-0.577349,-0.577349,0.577349,-0.577349,0.577349,-0.577349,0.577349,-0.577349,0.577349,0.577349,-0.577349,-0.577349,0.577349,0.577349,0.577349,0.577349,0.577349],
    "uvs": [],
    "name": "plantGeometry.2",
    "vertices": [0.271606,0.599791,0.3,0.851161,0.755083,0.3,0.271606,0.599791,-0.3,0.851161,0.755083,-0.3,0.271606,0.599791,0.3,0.271606,0.599791,-0.3,0.330124,0.551151,-0,1.03915,0.783627,-0,0.007022,0.497531,-0,-0.179221,0.599791,-0.360298,-0.739029,0.755083,-0.510298,-0.334512,0.599791,0.219258,-0.89432,0.755083,0.069258,-0.179221,0.599791,-0.360298,-0.334512,0.599791,0.219258,-0.313391,0.551151,-0.085666,-0.998258,0.783627,-0.269175,-0.001298,0.497531,-0.002041,0.061853,0.584784,-0.061853,0.061853,-0.202105,-0.061853,0.061853,0.584784,0.061853,0.061853,-0.202105,0.061853,-0.061853,0.584784,-0.061853,-0.061853,-0.202105,-0.061853,-0.061853,0.584784,0.061853,-0.061853,-0.202105,0.061853],
    "colors": []
}